ENTJ-A,ENTJ-T,ENTP-A,ENTP-T,ENFJ-A,ENFJ-T,ENFP-A,ENFP-T,ESTJ-A,ESTJ-T,ESTP-A,ESTP-T, ESFJ-A, ESFJ-T,ESFP-A,ESFP-T,INTJ-A,INTJ-T, INTP-A, INTP-T,INFJ-A,INFJ-T,INFP-A,INFP-T,ISTJ-A,ISTJ-T,ISTP-A,ISTP-T,ISFJ-A,ISFJ-T,ISFP-A,ISFP-T
General manager,Media planning,Executive,doctor,University professor,Marketing Director,Public relations commissioner,Talk show actor,project management,Investor,host,Preschool teacher,Cosmetic,Insurance agent,Sale,Retail salesman,writer,Software Development Engineer,the scientist,Graphic Designer,Product manager,psychologist,Freelance,Anthropologist,Civil servant,Legal professionals,Criminal investigation,civil engineer,programmer,project manager,Art teacher,Fitness coach
sales Manager,buyer,Market research analyst,lawyer,Education Planning Director,business manager,Marketing Specialist,musician,Business management,Financial consultant,Photography,actor,Senior hairdresser,Manager,Public relations,Sports coach,Self -media,Data Analyst,researcher,Illustrator,Operating assistant,social worker,musician,Sociologist,Executive,doctor,programmer,Commercial designer,social worker,Assistant doctor,art director,Photographer
Marketing manager,Overseas Sales,Manager,Private investigation,Educational self -media,Civil servant,Activist,composer,marketing,Stock agent,new media,marketing,Hotel owner,Receptionist,Insurer,Traveler,Game planning,algorithm engineer,software engineer,architect,University Teachers,Educator,Photographer,Nutritionist,lawyer,Nurse,Drawer,Computer engineer,educators,counselor,Painter,Animal caregiver
Channel operation,Personnel manager,Environmental engineer,Career data statistics,Advertising business manager,Social scientist,Entrepreneur,Newsmaker,audit,doctor,coach,Public service commissioner,Traveler,Retailer,broker,Fashion consultant,Branding,Stock analyst,System analyst,Clothing designer,Psychologist,tutor,psychologist,Emotional consultant,Judge,Production Planner,Aviation traffic administrator,Computer programmer,Administrative Assistant,secretary,"Bakery, barista",Environmental activist
Distribution management,Association Chairman/Advisor,Computer network framework,Manpower,Public Relations Expert,philosopher,entrepreneur,interior designer,Venture capitalist,Wealth management consultant,athlete,Host,Environmental Tourism Specialist,Medical assistant,entrepreneur,Manpower,Financial Analyst,financial consultant,Mathematician,Network security expert,Nutritionist,writer,translate,teacher,police,Corporate analyst,Civilian pilot,Computer support expert,librarian,Archives,Pet doctor,artist
Business,Technical trainer,software developer,financial director,Communications,Internal medicine,Educational trainer,artist,Senior Manager,pharmacist,lawyer,Designer,translate,Dental assistant,dancer,Training manager,Financial consultant,University professor,Legal researcher,Cloud computing engineer,general practitioner,edit,writer,actor,Accounting,Quality controller,Audiovisual expert,Criminal investigator,Customer Service Representative,psychologist,Nutritionist,Designer
Advertising business manager,Computer Management Consultant,Producer,General manager,Psychological counselor,Psychiatrist,Social worker,Marketing Consultant,Administrative Assistant,Nutritionist,programmer,trainer,Marketing manager,Medical Technology Expert,singer,Lobby manager,programmer,Library administrator,artist,University Teachers,writer,artist,painter,Freelance writer,audit,Financial analyst,Car product retailer,Criminal,Financial professionals,Technical staff,Stylist,Illustrator
project manager,Information Service Management Counsel,reporter,partner,Vocational consultant,Survey reporter,actor actress,Director of Marketing,police,Pharmaceutical research and development person,Investment Advisor,Human resources manager,Educator,Respiratory expert,Event planning,Financing manager,University teacher,Appraisal consultant,Designer,Vocational teacher,the scientist,Designer,fashion designer,Community worker,Data Analyst,Risk manager,biologist,economist,Nurse,sales representative,musician,Writer
Retail manager,Market management consultant,Graphic Designer,investor,coach,painter,reporter,Strategic Planning,Financial Analyst,Manufacturing Engineer,researcher,psychologist,librarian,Utensils,marketing,Project Director,Psychological counselor,Entrepreneur,biologist,Science teacher,Designer,Self -media home,Graphic Designer,Edit,programmer,Taxi,Architect,Electrical Engineer,Kindergarten,Lawyer assistant,actor actress,Performer
Real estate manager,Institutional reorganization consultant,psychologist,Consultant,Private lawyer,edit,Column expert,Advertising Creative Guidance,President of the education industry,teacher,advertising designer,Financial Accounting,Environmental tourism expert,Radiologist,Promoter,Course Consultant,Course Design,Strategic planner,Brand designer,school principal,researcher,Photographer,Multimedia artist,Germanist,project manager,Investment manager,carpenter,Emergency medical technician,Administrative Assistant,Family nurse,Yoga coach,Rehabilitation
