ENTJ-A,ENTJ-T,ENTP-A,ENTP-T,ENFJ-A,ENFJ-T,ENFP-A,ENFP-T,ESTJ-A,ESTJ-T,ESTP-A,ESTP-T, ESFJ-A, ESFJ-T,ESFP-A,ESFP-T,INTJ-A,INTJ-T, INTP-A, INTP-T,INFJ-A,INFJ-T,INFP-A,INFP-T,ISTJ-A,ISTJ-T,ISTP-A,ISTP-T,ISFJ-A,ISFJ-T,ISFP-A,ISFP-T,,
总经理,媒体策划,高管,医生,大学教授,市场主管,公关专员,脱口秀演员,项目管理,投资银行家,主持人,幼儿教师,美容师,保险代理,销售,零售业务员,作家,软件开发工程师,科学家,平面设计师,产品经理,心理学家,自由职业,人类学家,公务员,法律专业人士,刑侦,土木工程师,程序员,项目经理,艺术老师,健身教练,,
销售经理,采购员,市场调研分析师,律师,教育规划主任,业务经理,市场营销专员,音乐家,业务管理,金融顾问,摄影摄像,演员,高级理发师,管理顾问,公关,体育教练,自媒体人,数据分析师,研究员,插画师,运营助理,社会工作者,音乐家,社会学家,行政官员,医生,程序员,商业设计师,社会工作者,助理医生,美术指导,摄影师,,
营销经理,海外销售,管理顾问,私人调查,教育自媒体,公务员,活动策划师,作曲家,营销,股票经纪人,新媒体,市场营销,旅店老板,接待员,保险员,旅行顾问,游戏策划,算法工程师,软件工程师,建筑师,大学教师,教育家,摄影师,营养学家,律师,护士,绘图师,电脑工程师,教育工作者,辅导员,绘画师,动物护理人员,,
渠道运营,人事主管,环境工程师,事业数据统计,广告业务经理,社会科学家,创业家,新闻播音员,审计,医生,教练,公务专员,旅行推销员,零售商,经纪人,时尚顾问,品牌策划,股票分析师,系统分析师,服装设计师,心理医生,导师,心理学家,情感顾问,法官,生产计划员,航空交通管理员,计算机程序员,行政助理,秘书,烘焙、咖啡师,环保活动家,,
分销管理,协会主席/顾问,计算机网络构架师,人力总监,公关关系专家,哲学家,企业家,室内设计师,风险投资师,财富管理顾问,运动员,节目主持人,环境旅游专员,医务助理,创业者,人力总监,金融分析师,财务顾问,数学家,网络安全专家,营养师,作家,翻译,教师,警察,企业分析师,民航飞行员,计算机支持专家,图书管理员,档案管理员,宠物医生,艺术家,,
商务,技术培训员,软件开发人员,财务总监,通信主管,内科医生,教育培训师,艺术家,高级经理,药剂师,律师,设计师,翻译,牙科助理,舞蹈家,培训经理,理财顾问,大学教授,法律研究员,云计算工程师,全科医生,编辑,作家,演员,会计,品质控制员,视听专家,刑事调查员,客户服务代表,心理学家,营养师,设计师,,
广告业务经理,计算机管理顾问,制片人,总经理,心理咨询师,精神病学家,社交工作者,营销顾问,行政助理,营养师,程序员,培训师,营销经理,医务技术专家,歌手,大堂经理,程序员,图书馆管理员,艺术家,大学教师,作家,艺术家,画家,自由撰稿人,审计,财务分析师,汽车产品零售商,犯罪学家,财务专业人员,技术人员,造型师,插画师,,
项目经理,信息服务管理顾问,记者,合伙人,职业咨询师,调查型记者,表演者,市场总监,警察,药品研发人员,投资顾问,人力资源经理,教育行政人员,呼吸系统专家,活动策划,融资经理,大学老师,评估顾问,设计师,职业教师,科学家,设计师,时装设计师,社区工作者,数据分析师,风险管理师,生物学家,经济学家,护士,销售代表,音乐家,写作者,,
零售经理,市场管理顾问,平面设计师,投资者,教练,画家,记者,战略规划,金融分析师,制造工程师,科研人员,心理学家,图书管理员,眼科大夫,市场营销,项目总监,心理咨询师,创业导师,生物学家,理科教师,设计师,自媒体家,平面设计师,采编,程序员,税务师,建筑督察,电气工程师,幼师,律师助理,表演者,表演艺术家,,
房地产经理,机构重组顾问,心理学家,咨询顾问,私人律师,编辑,专栏专家,广告创意指导,教育行业的校长,教师,广告设计师,财务会计,环境旅游专家,放射专家,市场推广员,课程顾问,课程设计,战略规划师,品牌设计师,学校校长,研究员,摄影师,多媒体艺术家,灵媒师,项目经理,投资经理,木匠,紧急医疗技术员,行政助理,家庭护士,瑜伽教练,康复治疗者,,